1,Av. Hipolito Yrigoyen,2,1,1,2
2,Av. Hipolito Yrigoyen,2,1,2,3
3,Av. Hipolito Yrigoyen,2,1,3,4
4,Av. Hipolito Yrigoyen,2,1,4,5
5,Av. Hipolito Yrigoyen,2,1,5,6
6,Av. Hipolito Yrigoyen,2,1,6,7
7,Av. Hipolito Yrigoyen,2,1,7,8
8,Av. Hipolito Yrigoyen,2,1,8,9
9,Av. Hipolito Yrigoyen,2,1,9,10
10,Av. Hipolito Yrigoyen,2,1,10,11
11,Av. Hipolito Yrigoyen,2,1,11,12
12,Av. Hipolito Yrigoyen,2,1,12,13
13,Av. Hipolito Yrigoyen,2,1,13,14
14,Bolanos,3,1,15,16
15,Bolanos,3,1,16,17
16,Bolanos,3,1,17,18
17,Bolanos,3,1,18,19
18,Bolanos,3,1,19,20
19,Bolanos,3,1,20,21
20,Joaquin V. Gonzalez,3,0,22,23
21,Jose Martin de la Serna,2,0,24,25
22,Jose Martin de la Serna,2,0,25,26
23,Jose Martin de la Serna,2,0,26,27
24,Jose Martin de la Serna,2,0,27,28
25,Jose Martin de la Serna,2,0,28,29
26,Jose Martin de la Serna,2,0,29,30
27,Teniente Coronel Bueras,3,1,31,32
28,Teniente Coronel Bueras,3,1,32,33
29,Teniente Coronel Bueras,3,1,33,34
30,Santiago del Estero,3,1,35,36
31,Santiago del Estero,3,1,36,37
32,Santiago del Estero,3,1,37,38
33,Santiago del Estero,3,1,38,39
34,Santiago del Estero,3,1,39,40
35,Santiago del Estero,3,1,40,41
36,Santiago del Estero,3,1,41,42
37,Santiago del Estero,3,1,42,43
38,Santiago del Estero,3,1,43,44
39,Santiago del Estero,3,1,44,45
40,Florencio Varela,3,1,34,46
41,Florencio Varela,3,1,46,47
42,Florencio Varela,3,1,47,48
43,Florencio Varela,3,1,48,19
44,Florencio Varela,3,1,19,49
45,Florencio Varela,3,1,49,50
46,Florencio Varela,3,1,50,51
47,Teniente Coronel Bueras,3,1,52,53
48,Teniente Coronel Bueras,3,1,53,54
49,Teniente Coronel Bueras,3,1,54,55
50,Teniente Coronel Bueras,3,1,55,56
51,Teniente Coronel Bueras,3,1,56,57
52,Teniente Coronel Bueras,3,1,57,58
53,Teniente Coronel Bueras,3,1,58,59
54,Teniente Coronel Bueras,3,1,59,60
55,Teniente Coronel Bueras,3,1,60,61
56,Teniente Coronel Bueras,3,1,61,62
57,Teniente Coronel Bueras,3,1,62,63
58,Teniente Coronel Bueras,3,1,63,64
59,Teniente Coronel Bueras,3,1,64,65
60,Teniente Coronel Bueras,3,1,65,66
61,Teniente Coronel Bueras,3,1,66,67
62,Teniente Coronel Bueras,3,1,67,68
63,Teniente Coronel Bueras,3,1,68,69
64,Reconquista,3,1,70,71
65,Reconquista,3,1,71,72
66,Reconquista,3,1,72,73
67,Reconquista,3,1,73,74
68,Reconquista,3,1,74,75
69,Reconquista,3,1,75,76
70,Reconquista,3,1,76,77
71,Reconquista,3,1,77,78
72,Reconquista,3,1,78,79
73,Reconquista,3,1,79,80
74,Reconquista,3,1,80,81
75,Reconquista,3,1,81,82
76,Mexico,3,0,83,10
77,Tres Sargentos,3,1,84,85
78,Tres Sargentos,3,1,85,86
79,Tres Sargentos,3,1,86,87
80,Tres Sargentos,3,1,87,88
81,Tres Sargentos,3,1,88,89
82,Tres Sargentos,3,1,89,90
83,Tres Sargentos,3,1,90,91
84,Tres Sargentos,3,1,91,92
85,Tres Sargentos,3,1,92,93
86,Tres Sargentos,3,1,93,94
87,Tres Sargentos,3,1,94,95
88,Tres Sargentos,3,1,95,96
89,Tres Sargentos,3,1,96,97
90,Tres Sargentos,3,1,97,98
91,Grela,3,1,18,99
92,Teodoro Sanchez de Bustamante,3,1,100,101
93,Teodoro Sanchez de Bustamante,3,1,101,102
94,Teodoro Sanchez de Bustamante,3,1,102,103
95,Av. Remedios de Escalada,2,1,104,105
96,General Acha,3,0,106,107
97,General Acha,3,0,107,108
98,General Acha,3,0,108,109
99,Santa Elena,3,0,110,111
100,Santa Elena,3,0,111,112
101,General Ferre,3,1,113,114
102,General Ferre,3,1,114,115
103,General Ferre,3,1,115,116
104,General Ferre,3,1,116,117
105,General Ferre,3,1,117,118
106,General Ferre,3,1,118,119
107,General Ferre,3,1,119,120
108,General Ferre,3,1,120,121
109,General Ferre,3,1,121,122
110,General Ferre,3,1,122,123
111,Boulevard Gobernador Martin Rodriguez,3,1,124,125
112,Boulevard Gobernador Martin Rodriguez,3,1,125,126
113,Boulevard Gobernador Martin Rodriguez,3,1,126,127
114,Boulevard Gobernador Martin Rodriguez,3,1,127,128
115,Boulevard Gobernador Martin Rodriguez,3,1,128,129
116,Comandante Mamberti,3,1,129,130
117,Comandante Mamberti,3,1,130,131
118,Comandante Mamberti,3,1,131,132
119,Comandante Mamberti,3,1,132,133
120,Comandante Mamberti,3,1,133,61
121,Comandante Mamberti,3,1,61,134
122,Comandante Mamberti,3,1,134,135
123,Comandante Mamberti,3,1,135,136
124,Comandante Mamberti,3,1,136,137
125,Comandante Mamberti,3,1,137,70
126,Avenida Hipolito Yrigoyen,2,1,138,139
127,Avenida Hipolito Yrigoyen,2,1,139,31
128,Avenida Hipolito Yrigoyen,2,1,31,140
129,Avenida Hipolito Yrigoyen,2,1,140,141
130,33 Orientales,3,0,8,142
131,General Paz,3,0,143,144
132,General Paz,3,0,144,145
133,General Paz,3,0,145,146
134,General Paz,3,0,146,147
135,General Paz,3,0,147,148
136,General Paz,3,0,148,149
137,General Paz,3,0,149,150
138,General Paz,3,0,150,151
139,General Nazar,3,1,152,153
140,General Nazar,3,1,153,154
141,General Nazar,3,1,154,155
142,General Nazar,3,1,155,156
143,General Nazar,3,1,156,157
144,General Nazar,3,1,157,158
145,General Nazar,3,1,158,159
146,General Nazar,3,1,159,63
147,General Nazar,3,1,63,160
148,General Nazar,3,1,160,161
149,General Nazar,3,1,161,162
150,General Nazar,3,1,162,163
151,General Nazar,3,1,163,164
152,Jose Martin de la Serna,2,0,24,165
153,Jose Martin de la Serna,2,0,165,166
154,Jose Martin de la Serna,2,0,166,167
155,Jose Martin de la Serna,2,0,167,168
156,Jose Martin de la Serna,2,0,168,169
157,Jose Martin de la Serna,2,0,169,170
158,Jose Martin de la Serna,2,0,170,171
159,Paz,3,1,172,173
160,Paz,3,1,173,99
161,Paz,3,1,99,49
162,Paz,3,1,49,174
163,Paz,3,1,174,175
164,Puente Aguero,2,0,176,177
165,Puente Aguero,2,0,177,178
166,Puente Aguero,2,0,178,179
167,Puente Aguero,2,0,179,180
168,Puente Aguero,2,0,180,181
169,Puente Aguero,2,0,181,182
170,Puente Aguero,2,0,182,183
171,Puente Aguero,2,0,183,184
172,Avenida Hipolito Yrigoyen,2,1,141,185
173,Avenida Hipolito Yrigoyen,2,1,185,1
174,Tuyuti,3,1,186,187
175,Tuyuti,3,1,187,188
176,Tuyuti,3,1,188,189
177,Tuyuti,3,1,189,190
178,Tuyuti,3,1,190,191
179,Tuyuti,3,1,191,42
180,Teniente Coronel Bueras,3,1,69,192
181,Teniente Coronel Bueras,3,1,192,193
182,Teniente Coronel Bueras,3,1,193,117
183,Teniente Coronel Bueras,3,1,117,194
184,Teniente Coronel Bueras,3,1,194,195
185,Teniente Coronel Bueras,3,1,195,196
186,Brasil,3,1,35,197
187,Brasil,3,1,197,198
188,Brasil,3,1,198,199
189,Brasil,3,1,199,200
190,Helguera,3,0,201,202
191,Helguera,3,0,202,203
192,Helguera,3,0,203,204
193,Helguera,3,0,204,205
194,Magan,3,1,206,207
195,Magan,3,1,207,208
196,Italia,3,0,209,210
197,Italia,3,0,210,211
198,Sargento Cabral,3,1,212,213
199,Sargento Cabral,3,1,213,214
200,Sargento Cabral,3,1,214,215
201,Sargento Cabral,3,1,215,216
202,Sargento Cabral,3,1,216,137
203,Sargento Cabral,3,1,137,217
204,Sargento Cabral,3,1,217,218
205,Sargento Cabral,3,1,218,163
206,Sargento Cabral,3,1,163,219
207,Sargento Cabral,3,1,219,220
208,Sargento Cabral,3,1,220,221
209,Sargento Cabral,3,1,221,222
210,Sargento Cabral,3,1,222,223
211,Sargento Cabral,3,1,223,224
212,Sargento Cabral,3,1,224,225
213,Sargento Cabral,3,1,225,226
214,Sargento Cabral,3,1,226,227
215,Sargento Cabral,3,1,227,207
216,Sargento Cabral,3,1,207,228
217,Sargento Cabral,3,1,228,122
218,General Ferre,3,0,229,230
219,General Ferre,3,0,230,231
220,General Ferre,3,0,231,232
221,General Ferre,3,0,232,233
222,General Ferre,3,0,233,234
223,General Ferre,3,0,234,235
224,Rep. de Libano,3,0,236,213
225,Rep. de Libano,3,0,213,237
226,Avenida Hipolito Yrigoyen,2,1,238,186
227,Avenida Hipolito Yrigoyen,2,1,186,105
228,Clemenceau,3,0,4,239
229,Clemenceau,3,0,239,240
230,Lafuente,3,1,241,86
231,Lafuente,3,1,86,80
232,Lafuente,3,1,80,242
233,Lafuente,3,1,242,243
234,Lafuente,3,1,243,244
235,Lafuente,3,1,244,245
236,Lafuente,3,1,245,246
237,Lafuente,3,1,246,247
238,Lafuente,3,1,247,248
239,Lafuente,3,1,248,249
240,Lafuente,3,1,249,250
241,Lafuente,3,1,250,251
242,Elizalde,3,0,252,253
243,Elizalde,3,0,253,254
244,Elizalde,3,0,254,255
245,Elizalde,3,0,255,256
246,Elizalde,3,0,256,244
247,Elizalde,3,0,244,257
248,Elizalde,3,0,257,258
249,San Juan,3,0,24,259
250,San Juan,3,0,259,260
251,San Juan,3,0,260,261
252,San Juan,3,0,261,262
253,San Juan,3,0,262,263
254,San Juan,3,0,263,264
255,San Juan,3,0,264,265
256,San Juan,3,0,265,266
257,San Juan,3,0,266,267
258,San Juan,3,0,267,268
259,San Juan,3,0,268,269
260,San Juan,3,0,269,270
261,Cisneros,3,0,271,272
262,General Heredia,3,1,147,273
263,General Heredia,3,1,273,274
264,General Heredia,3,1,274,275
265,General Heredia,3,1,275,276
266,General Heredia,3,1,276,277
267,General Heredia,3,1,277,278
268,General Heredia,3,1,278,279
269,General Heredia,3,1,279,280
270,General Heredia,3,1,280,281
271,General Heredia,3,1,281,282
272,Coronel Larrazabal,3,1,281,248
273,Coronel Larrazabal,3,1,248,283
274,Coronel Larrazabal,3,1,283,284
275,Bolivia,3,1,285,188
276,Bolivia,3,1,188,286
277,Bolivia,3,1,286,287
278,Bolivia,3,1,287,288
279,Bolivia,3,1,288,289
280,Bolivia,3,1,289,290
281,Bolivia,3,1,290,291
282,General Madariaga,2,0,292,196
283,Tapalque,3,0,293,294
284,Tapalque,3,0,294,234
285,Tapalque,3,0,234,295
286,Tapalque,3,0,295,296
287,Tapalque,3,0,296,297
288,Anatole France,3,1,298,220
289,Anatole France,3,1,220,299
290,Anatole France,3,1,299,300
291,Anatole France,3,1,300,65
292,Anatole France,3,1,65,301
293,Anatole France,3,1,301,302
294,Anatole France,3,1,302,303
295,Anatole France,3,1,303,304
296,Anatole France,3,1,304,305
297,Anatole France,3,1,305,306
298,General Paunero,3,1,307,308
299,General Paunero,3,1,308,309
300,Cordoba,3,1,310,311
301,Cordoba,3,1,311,312
302,Cordoba,3,1,312,313
303,Cordoba,3,1,313,314
304,Salta,2,0,69,315
305,Salta,2,0,315,316
306,Av. Remedios de Escalada,2,1,105,285
307,Carabelas,3,1,261,317
308,Carabelas,3,1,317,318
309,Carabelas,3,1,318,319
310,Carabelas,3,1,319,320
311,Carabelas,3,1,320,321
312,Carabelas,3,1,321,322
313,Carabelas,3,1,322,323
314,Carabelas,3,1,323,324
315,Carabelas,3,1,324,74
316,Carabelas,3,1,74,94
317,Carabelas,3,1,94,325
318,Carabelas,3,1,325,326
319,Carabelas,3,1,326,327
320,Carabelas,3,1,327,328
321,Carabelas,3,1,328,329
322,Carabelas,3,1,329,330
323,Carabelas,3,1,330,331
324,Carabelas,3,1,331,332
325,Carabelas,3,1,332,333
326,Carabelas,3,1,333,334
327,Carabelas,3,1,334,335
328,Carabelas,3,1,335,110
329,Carabelas,3,1,110,107
330,Carabelas,3,1,107,336
331,General Donovan,3,1,337,338
332,General Donovan,3,1,338,339
333,General Donovan,3,1,339,340
334,General Donovan,3,1,340,341
335,General Donovan,3,1,341,59
336,General Donovan,3,1,59,342
337,General Donovan,3,1,342,343
338,General Donovan,3,1,343,216
339,General Donovan,3,1,216,344
340,General Heredia,3,1,282,345
341,Gaebeler,3,1,346,347
342,Gaebeler,3,1,347,348
343,Gaebeler,3,1,348,192
344,Gaebeler,3,1,192,349
345,Gaebeler,3,1,349,350
346,Conc. Noya,3,1,351,352
347,Conc. Noya,3,1,352,353
348,Newton,3,1,354,355
349,Newton,3,1,355,356
350,Newton,3,1,356,357
351,Lista,3,0,358,253
352,Arenales,3,0,16,359
353,Arenales,3,0,359,360
354,Arenales,3,0,360,32
355,Arenales,3,0,32,361
356,Arenales,3,0,361,362
357,Coronel Casacuberta,3,0,363,364
358,Coronel Casacuberta,3,0,364,77
359,Coronel Casacuberta,3,0,77,91
360,El Totoral,3,0,365,366
361,El Totoral,3,0,366,367
362,El Totoral,3,0,367,368
363,El Totoral,3,0,368,369
364,Rio de Janeiro,3,1,370,371
365,Rio de Janeiro,3,1,371,372
366,Rio de Janeiro,3,1,372,189
367,Coronel Burelas,3,1,373,347
368,Coronel Burelas,3,1,347,374
369,Coronel Burelas,3,1,374,375
370,Coronel Burelas,3,1,375,376
371,Coronel Burelas,3,1,376,377
372,Coronel Burelas,3,1,377,300
373,Coronel Burelas,3,1,300,378
374,Coronel Burelas,3,1,378,161
375,Coronel Burelas,3,1,161,379
376,Coronel Burelas,3,1,379,135
377,Coronel Burelas,3,1,135,380
378,Coronel Burelas,3,1,380,342
379,Coronel Burelas,3,1,342,381
380,Coronel Burelas,3,1,381,382
381,Coronel Burelas,3,1,382,383
382,Coronel Burelas,3,1,383,384
383,Coronel Burelas,3,1,384,385
384,Coronel Burelas,3,1,385,386
385,General Acha,3,0,387,388
386,General Acha,3,0,388,389
387,General Acha,3,0,389,390
388,General Acha,3,0,390,391
389,General Acha,3,0,391,296
390,General Acha,3,0,296,392
391,General Acha,3,0,392,393
392,Teniente Coronel Magan,3,0,394,395
393,Teniente Coronel Magan,3,0,395,396
394,Teniente Coronel Magan,3,0,396,397
395,Teniente Coronel Magan,3,0,397,398
396,Teniente Coronel Magan,3,0,398,294
397,Teniente Coronel Magan,3,0,294,399
398,Teniente Coronel Magan,3,0,399,204
399,Teniente Coronel Magan,3,0,204,400
400,Teniente Coronel Magan,3,0,400,401
401,Teniente Coronel Magan,3,0,401,334
402,Teniente Coronel Magan,3,0,334,402
403,Teniente Coronel Magan,3,0,402,403
404,Teniente Coronel Magan,3,0,403,404
405,Teniente Coronel Magan,3,0,404,405
406,Teniente Coronel Magan,3,0,405,406
407,Miraflores,3,0,407,408
408,29 de Septiembre,3,0,409,410
409,29 de Septiembre,3,0,410,52
410,29 de Septiembre,3,0,52,411
411,29 de Septiembre,3,0,411,386
412,29 de Septiembre,3,0,386,100
413,Salta,3,0,412,331
414,Salta,3,0,331,413
415,Salta,3,0,413,414
416,Salta,3,0,414,415
417,Salta,3,0,415,416
418,Supisiche,3,1,417,418
419,Supisiche,3,1,418,419
420,Supisiche,3,1,419,420
421,Supisiche,3,1,420,421
422,Supisiche,3,1,421,422
423,General Arenales,3,0,423,424
424,General Arenales,3,0,424,425
425,Triunvirato,3,0,426,427
426,Triunvirato,3,0,427,428
427,General Guemes,3,1,101,385
428,General Guemes,3,1,385,53
429,Camino General Chamizo,2,0,429,236
430,Camino General Chamizo,2,0,236,430
431,Camino General Chamizo,2,0,430,344
432,Camino General Chamizo,2,0,344,70
433,Camino General Chamizo,2,0,70,98
434,Camino General Chamizo,2,0,98,164
435,Camino General Chamizo,2,0,164,431
436,Camino General Chamizo,2,0,431,298
437,Camino General Chamizo,2,0,298,432
438,Camino General Chamizo,2,0,432,433
439,Camino General Chamizo,2,0,433,434
440,Camino General Chamizo,2,0,434,416
441,Camino General Chamizo,2,0,416,435
442,Camino General Chamizo,2,0,435,436
443,Camino General Chamizo,2,0,436,208
444,Camino General Chamizo,2,0,208,406
445,Camino General Chamizo,2,0,406,437
446,Camino General Chamizo,2,0,437,123
447,Camino General Chamizo,2,0,123,438
448,Av. Crisologo Larralde,3,0,439,440
449,Av. Crisologo Larralde,3,0,440,441
450,Av. Crisologo Larralde,3,0,441,442
451,Av. Crisologo Larralde,3,0,442,443
452,Av. Crisologo Larralde,3,0,443,444
453,Av. Crisologo Larralde,3,0,444,151
454,Gutemberg,3,0,445,446
455,Gutemberg,3,0,446,240
456,Gutemberg,3,0,240,447
457,Gutemberg,3,0,447,448
458,Gutemberg,3,0,448,449
459,Gutemberg,3,0,449,450
460,Rio de Janeiro,3,1,199,451
461,Rio de Janeiro,3,1,451,452
462,Rio de Janeiro,3,1,452,453
463,Rio de Janeiro,3,1,453,454
464,Rio de Janeiro,3,1,454,455
465,Rio de Janeiro,3,1,455,456
466,Rio de Janeiro,3,1,456,189
467,Santiago del Estero,3,1,457,458
468,Santiago del Estero,3,1,458,459
469,Triunvirato,3,0,460,461
470,Terranova,3,1,139,360
471,Terranova,3,1,360,462
472,Terranova,3,1,462,46
473,Terranova,3,1,46,463
474,General Heredia,3,1,464,465
475,General Heredia,3,1,465,418
476,General Heredia,3,1,418,369
477,General Heredia,3,1,369,398
478,General Heredia,3,1,398,233
479,General Heredia,3,1,233,391
480,General Heredia,3,1,391,466
481,Cordoba,3,1,467,226
482,Cordoba,3,1,226,435
483,General Heredia,3,1,468,390
484,General Heredia,3,1,390,232
485,General Heredia,3,1,232,469
486,General Heredia,3,1,469,397
487,General Heredia,3,1,397,368
488,General Heredia,3,1,368,419
489,General Heredia,3,1,419,470
490,General Heredia,3,1,470,471
491,Comandante Lucena,3,0,472,421
492,Comandante Lucena,3,0,421,308
493,Comandante Lucena,3,0,308,366
494,Comandante Lucena,3,0,366,395
495,Comandante Lucena,3,0,395,473
496,Comandante Lucena,3,0,473,230
497,Francia,3,1,474,48
498,Basavilbaso,3,1,433,475
499,Basavilbaso,3,1,475,476
500,Basavilbaso,3,1,476,477
501,Basavilbaso,3,1,477,329
502,Basavilbaso,3,1,329,478
503,Basavilbaso,3,1,478,479
504,Basavilbaso,3,1,479,480
505,Basavilbaso,3,1,480,481
506,Basavilbaso,3,1,481,482
507,General Heredia,3,0,483,484
508,General Heredia,3,0,484,12
509,Moldes,3,0,485,486
510,General Guemes,3,1,487,488
511,General Guemes,3,1,488,247
512,General Guemes,3,1,247,489
513,General Guemes,3,1,489,282
514,Av. Remedios de Escalada,2,1,285,372
515,Av. Remedios de Escalada,2,1,372,353
516,Av. Remedios de Escalada,2,1,353,490
517,Av. Remedios de Escalada,2,1,490,491
518,Av. Remedios de Escalada,2,1,491,492
519,Av. Remedios de Escalada,2,1,492,457
520,Av. Remedios de Escalada,2,1,457,43
521,Comandante Lucena,3,1,493,494
522,Comandante Lucena,3,1,494,495
523,Comandante Lucena,3,1,495,283
524,Comandante Lucena,3,1,283,488
525,Comandante Lucena,3,1,488,496
526,Comandante Lucena,3,1,496,497
527,Comandante Lucena,3,1,497,257
528,Comandante Lucena,3,1,257,498
529,Comandante Lucena,3,1,498,499
530,Comandante Lucena,3,1,499,81
531,Comandante Lucena,3,1,81,85
532,Comandante Lucena,3,1,85,500
533,Coronel Lacarra,2,0,171,501
534,Coronel Lacarra,2,0,501,502
535,Coronel Lacarra,2,0,502,345
536,Coronel Casacuberta,3,0,10,503
537,Coronel Casacuberta,3,0,503,504
538,Coronel Lacarra,3,1,505,54
539,Coronel Lacarra,3,1,54,506
540,Coronel Lacarra,3,1,506,384
541,Coronel Lacarra,3,1,384,103
542,La Fuente,3,0,507,251
543,Gutemberg,3,0,29,504
544,Gutemberg,3,0,504,508
545,Gutemberg,3,0,508,483
546,Gutemberg,3,0,483,509
547,Av. Hipolito Yrigoyen,2,1,510,511
548,Av. Hipolito Yrigoyen,2,1,511,200
549,Jujuy,3,1,512,513
550,Jujuy,3,1,513,492
551,Jujuy,3,1,492,191
552,Jujuy,3,1,191,514
553,Jujuy,3,1,514,515
554,Jujuy,3,1,515,516
555,Jujuy,3,1,516,517
556,Jujuy,3,1,517,518
557,Jujuy,3,1,518,519
558,Jujuy,3,1,519,197
559,Av. Crisologo Larralde,2,0,520,521
560,Cangallo,3,0,522,523
561,Cangallo,3,0,523,477
562,Cangallo,3,0,477,524
563,Cangallo,3,0,524,413
564,Cangallo,3,0,413,525
565,Cangallo,3,0,525,526
566,Cangallo,3,0,526,402
567,Salta,2,0,316,527
568,Salta,2,0,527,528
569,Salta,2,0,528,529
570,Salta,2,0,529,530
571,Salta,2,0,530,531
572,Dr. Jose Galvez,3,1,57,532
573,Dr. Jose Galvez,3,1,532,533
574,Dr. Jose Galvez,3,1,533,534
575,Dr. Jose Galvez,3,1,534,535
576,Dr. Jose Galvez,3,1,535,536
577,Dr. Jose Galvez,3,1,536,537
578,Bonpland,3,1,436,227
579,Bonpland,3,1,227,538
580,Pasaje Achupallas,3,0,75,539
581,Pasaje Achupallas,3,0,539,540
582,Hector Guidi,3,1,541,542
583,Hector Guidi,3,1,542,543
584,Hector Guidi,3,1,543,544
585,Hector Guidi,3,1,544,545
586,Hector Guidi,3,1,545,195
587,Hector Guidi,3,1,195,546
588,Hector Guidi,3,1,546,547
589,Hector Guidi,3,1,547,548
590,Hector Guidi,3,1,548,549
591,Hector Guidi,3,1,549,550
592,Hector Guidi,3,1,550,551
593,Av. Remedios de Escalada,2,1,552,553
594,33 Orientales,3,0,554,450
595,33 Orientales,3,0,450,427
596,Cangallo,3,0,106,555
597,Coronel Burelas,3,1,556,557
598,Coronel Burelas,3,1,557,361
599,Coronel Burelas,3,1,361,140
600,Coronel Casacuberta,3,0,92,558
601,Coronel Casacuberta,3,0,558,559
602,Coronel Casacuberta,3,0,559,560
603,Coronel Casacuberta,3,0,560,561
604,Coronel Casacuberta,3,0,561,479
605,Coronel Casacuberta,3,0,479,562
606,Coronel Casacuberta,3,0,562,563
607,Coronel Casacuberta,3,0,563,564
608,Coronel Casacuberta,3,0,564,565
609,Coronel Casacuberta,3,0,565,400
610,Coronel Casacuberta,3,0,400,566
611,Coronel Casacuberta,3,0,566,112
612,Lafuente,3,0,13,567
613,Lafuente,3,0,567,568
614,Velez Sarsfield,3,1,569,570
615,Velez Sarsfield,3,1,570,173
616,Velez Sarsfield,3,1,173,17
617,Velez Sarsfield,3,1,17,474
618,Velez Sarsfield,3,1,474,571
619,Velez Sarsfield,3,1,571,462
620,Velez Sarsfield,3,1,462,33
621,Velez Sarsfield,3,1,33,557
622,Velez Sarsfield,3,1,557,572
623,Newton,3,0,573,574
624,Newton,3,0,574,460
625,Newton,3,0,460,445
626,Newton,3,0,445,575
627,Newton,3,0,575,3
628,Newton,3,0,3,576
629,Brasil,3,1,200,141
630,De Pinedo,3,0,577,578
631,De Pinedo,3,0,578,579
632,De Pinedo,3,0,579,275
633,Bouchard,3,1,292,546
634,Bouchard,3,1,546,580
635,Bouchard,3,1,580,116
636,Bouchard,3,1,116,581
637,Bouchard,3,1,581,582
638,Bouchard,3,1,582,583
639,Bouchard,3,1,583,350
640,Bouchard,3,1,350,314
641,Bouchard,3,1,314,316
642,Lafuente,3,0,584,420
643,Lafuente,3,0,420,307
644,Lafuente,3,0,307,367
645,Lafuente,3,0,367,396
646,Lafuente,3,0,396,585
647,Lafuente,3,0,585,231
648,Lafuente,3,0,231,389
649,Lafuente,3,0,389,586
650,Pasaje Filiberto,3,1,34,556
651,Florencio Varela,3,1,587,495
652,Florencio Varela,3,1,495,249
653,Florencio Varela,3,1,249,280
654,Florencio Varela,3,1,280,588
655,Florencio Varela,3,1,588,589
656,Florencio Varela,3,1,589,590
657,Florencio Varela,3,1,590,169
658,Florencio Varela,3,1,169,319
659,Florencio Varela,3,1,319,591
660,Florencio Varela,3,1,591,355
661,Florencio Varela,3,1,355,592
662,Florencio Varela,3,1,592,593
663,Florencio Varela,3,1,593,594
664,Florencio Varela,3,1,594,595
665,Florencio Varela,3,1,595,596
666,Bouchard,3,1,316,597
667,Bouchard,3,1,597,598
668,Bouchard,3,1,598,599
669,Bouchard,3,1,599,302
670,Bouchard,3,1,302,600
671,Bouchard,3,1,600,158
672,Bouchard,3,1,158,601
673,Bouchard,3,1,601,133
674,Bouchard,3,1,133,602
675,Bouchard,3,1,602,341
676,Bouchard,3,1,341,603
677,Bouchard,3,1,603,532
678,Bouchard,3,1,532,604
679,Bouchard,3,1,604,605
680,Bouchard,3,1,605,505
681,Bouchard,3,1,505,409
682,Campichuelo,3,1,357,606
683,Campichuelo,3,1,606,607
684,Campichuelo,3,1,607,608
685,Campichuelo,3,1,608,72
686,Campichuelo,3,1,72,96
687,Campichuelo,3,1,96,609
688,Campichuelo,3,1,609,610
689,Campichuelo,3,1,610,611
690,Av. Teodoro Sanchez de Bustamante,1,0,612,103
691,Av. Teodoro Sanchez de Bustamante,1,0,103,613
692,Pasaje Coronel Arriola,3,0,614,590
693,Gascon,3,1,349,315
694,General Madariaga,2,0,438,615
695,Jean Jaures,3,1,616,288
696,Jean Jaures,3,1,288,454
697,Jean Jaures,3,1,454,617
698,Jean Jaures,3,1,617,516
699,Jean Jaures,3,1,516,39
700,Coronel Lacarra,2,0,345,618
701,Coronel Lacarra,2,0,618,246
702,Coronel Lacarra,2,0,246,496
703,Coronel Lacarra,2,0,496,521
704,Puente Gerli,1,0,619,612
705,Mariano Acosta,3,0,575,620
706,Mariano Acosta,3,0,620,239
707,Mariano Acosta,3,0,239,621
708,Mariano Acosta,3,0,621,622
709,Mariano Acosta,3,0,622,623
710,Mariano Acosta,3,0,623,142
711,Mariano Acosta,3,0,142,554
712,Mariano Acosta,3,0,554,624
713,Mariano Acosta,3,0,624,503
714,Mariano Acosta,3,0,503,625
715,Mariano Acosta,3,0,625,484
716,Mariano Acosta,3,0,484,567
717,Mariano Acosta,3,0,567,626
718,Velez Sarsfield,3,0,627,628
719,Velez Sarsfield,3,0,628,629
720,Velez Sarsfield,3,0,629,354
721,Velez Sarsfield,3,0,354,630
722,Velez Sarsfield,3,0,630,318
723,Velez Sarsfield,3,0,318,168
724,Velez Sarsfield,3,0,168,631
725,Velez Sarsfield,3,0,631,632
726,Velez Sarsfield,3,0,632,279
727,Velez Sarsfield,3,0,279,250
728,General Paz,3,0,633,634
729,General Paz,3,0,634,635
730,General Paz,3,0,635,636
731,Magan,3,1,582,193
732,Magan,3,1,193,637
733,Magan,3,1,637,638
734,Magan,3,1,638,373
735,Magan,3,1,373,639
736,Magan,3,1,639,640
737,Blanco Encalada,3,0,641,642
738,General Madariaga,2,0,643,586
739,General Madariaga,2,0,586,468
740,General Madariaga,2,0,468,466
741,General Madariaga,2,0,466,297
742,General Madariaga,2,0,297,644
743,General Madariaga,2,0,644,645
744,General Madariaga,2,0,645,646
745,General Madariaga,2,0,646,647
746,General Madariaga,2,0,647,336
747,General Madariaga,2,0,336,555
748,General Madariaga,2,0,555,648
749,General Madariaga,2,0,648,649
750,General Madariaga,2,0,649,650
751,General Madariaga,2,0,650,438
752,Blanco Encalada,3,1,651,550
753,Blanco Encalada,3,1,550,114
754,Blanco Encalada,3,1,114,652
755,Blanco Encalada,3,1,652,311
756,Blanco Encalada,3,1,311,530
757,Blanco Encalada,3,1,530,653
758,Blanco Encalada,3,1,653,654
759,Blanco Encalada,3,1,654,655
760,Blanco Encalada,3,1,655,305
761,Blanco Encalada,3,1,305,656
762,Blanco Encalada,3,1,656,153
763,Blanco Encalada,3,1,153,657
764,Blanco Encalada,3,1,657,130
765,Blanco Encalada,3,1,130,338
766,Blanco Encalada,3,1,338,535
767,Blanco Encalada,3,1,535,658
768,Blanco Encalada,3,1,658,659
769,Blanco Encalada,3,1,659,660
770,Pasaje Ezpeleta,3,0,661,317
771,Pasaje Ezpeleta,3,0,317,167
772,Pasaje Ezpeleta,3,0,167,662
773,Pasaje Ezpeleta,3,0,662,663
774,Pasaje Ezpeleta,3,0,663,278
775,General Donovan,3,1,344,664
776,General Donovan,3,1,664,608
777,General Donovan,3,1,608,665
778,General Donovan,3,1,665,324
779,General Donovan,3,1,324,539
780,General Donovan,3,1,539,666
781,General Donovan,3,1,666,363
782,General Donovan,3,1,363,667
783,General Donovan,3,1,667,243
784,General Donovan,3,1,243,498
785,General Donovan,3,1,498,668
786,Puente Aguero,2,0,669,670
787,Puente Aguero,2,0,670,671
788,Puente Aguero,2,0,671,672
789,Puente Aguero,2,0,672,673
790,Puente Aguero,2,0,673,674
791,Puente Aguero,2,0,674,176
792,Presidente Peron,3,1,40,515
793,Presidente Peron,3,1,515,675
794,Presidente Peron,3,1,675,455
795,Presidente Peron,3,1,455,287
796,Presidente Peron,3,1,287,676
797,Dr. Lavarello,3,0,435,677
798,Dr. Lavarello,3,0,677,678
799,Dr. Lavarello,3,0,678,679
800,Dr. Lavarello,3,0,679,525
801,Dr. Lavarello,3,0,525,332
802,Dr. Lavarello,3,0,332,680
803,Dr. Lavarello,3,0,680,564
804,Dr. Lavarello,3,0,564,202
805,Dr. Lavarello,3,0,202,681
806,Dr. Lavarello,3,0,681,464
807,Coronel Lacarra,3,1,682,683
808,Coronel Lacarra,3,1,683,505
809,Boulevard Gobernador Martin Rodriguez,2,0,684,306
810,Boulevard Gobernador Martin Rodriguez,2,0,306,685
811,Boulevard Gobernador Martin Rodriguez,2,0,685,686
812,Boulevard Gobernador Martin Rodriguez,2,0,686,687
813,Boulevard Gobernador Martin Rodriguez,2,0,687,688
814,Boulevard Gobernador Martin Rodriguez,2,0,688,689
815,Boulevard Gobernador Martin Rodriguez,2,0,689,531
816,Boulevard Gobernador Martin Rodriguez,2,0,531,690
817,Boulevard Gobernador Martin Rodriguez,2,0,690,310
818,Boulevard Gobernador Martin Rodriguez,2,0,310,691
819,Boulevard Gobernador Martin Rodriguez,2,0,691,692
820,Boulevard Gobernador Martin Rodriguez,2,0,692,113
821,Boulevard Gobernador Martin Rodriguez,2,0,113,693
822,Boulevard Gobernador Martin Rodriguez,2,0,693,551
823,Boulevard Gobernador Martin Rodriguez,2,0,551,694
824,Anatole France,3,1,695,696
825,Anatole France,3,1,696,697
826,Anatole France,3,1,697,560
827,Anatole France,3,1,560,698
828,Anatole France,3,1,698,327
829,Anatole France,3,1,327,522
830,Anatole France,3,1,522,699
831,Anatole France,3,1,699,700
832,Anatole France,3,1,700,611
833,Anatole France,3,1,611,701
834,Anatole France,3,1,701,298
835,Supisiche,3,0,436,702
836,Supisiche,3,0,702,703
837,Supisiche,3,0,703,704
838,Supisiche,3,0,704,705
839,Supisiche,3,0,705,526
840,Supisiche,3,0,526,333
841,Supisiche,3,0,333,706
842,Supisiche,3,0,706,565
843,Supisiche,3,0,565,203
844,Supisiche,3,0,203,417
845,Av. Hipolito Yrigoyen,2,1,707,708
846,Av. Hipolito Yrigoyen,2,1,708,709
847,Av. Hipolito Yrigoyen,2,1,709,710
848,Av. Hipolito Yrigoyen,2,1,710,83
849,Av. Hipolito Yrigoyen,2,1,83,711
850,Av. Hipolito Yrigoyen,2,1,711,712
851,Av. Hipolito Yrigoyen,2,1,712,713
852,Av. Hipolito Yrigoyen,2,1,713,576
853,Av. Hipolito Yrigoyen,2,1,576,510
854,Tapalque,3,0,88,714
855,Tapalque,3,0,714,715
856,Tapalque,3,0,715,696
857,Tapalque,3,0,696,716
858,Tapalque,3,0,716,481
859,Av. Crisologo Larralde,2,0,184,439
860,Av. Crisologo Larralde,2,0,439,717
861,Av. Crisologo Larralde,2,0,717,587
862,Av. Crisologo Larralde,2,0,587,284
863,Av. Crisologo Larralde,2,0,284,718
864,Av. Crisologo Larralde,2,0,718,719
865,Av. Crisologo Larralde,2,0,719,487
866,Alfredo L. Palacios,3,1,720,289
867,Alfredo L. Palacios,3,1,289,453
868,Alfredo L. Palacios,3,1,453,721
869,Alfredo L. Palacios,3,1,721,517
870,Alfredo L. Palacios,3,1,517,38
871,Av. Remedios de Escalada,2,1,722,723
872,Av. Remedios de Escalada,2,1,723,724
873,Av. Remedios de Escalada,2,1,724,552
874,Carabelas,3,0,7,623
875,Carabelas,3,0,623,449
876,Carabelas,3,0,449,426
877,General Nazar,3,1,164,725
878,General Nazar,3,1,725,609
879,General Nazar,3,1,609,726
880,General Nazar,3,1,726,325
881,General Nazar,3,1,325,727
882,General Nazar,3,1,727,558
883,General Nazar,3,1,558,728
884,General Nazar,3,1,728,714
885,General Nazar,3,1,714,729
886,Av. Crisologo Larralde,2,0,521,730
887,Av. Crisologo Larralde,2,0,730,258
888,Av. Crisologo Larralde,2,0,258,668
889,Av. Crisologo Larralde,2,0,668,731
890,Av. Crisologo Larralde,2,0,731,82
891,Av. Crisologo Larralde,2,0,82,732
892,Av. Crisologo Larralde,2,0,732,84
893,Av. Crisologo Larralde,2,0,84,733
894,Av. Crisologo Larralde,2,0,733,734
895,Av. Crisologo Larralde,2,0,734,735
896,Av. Crisologo Larralde,2,0,735,736
897,Av. Crisologo Larralde,2,0,736,737
898,Av. Crisologo Larralde,2,0,737,738
899,Av. Crisologo Larralde,2,0,738,422
900,Av. Crisologo Larralde,2,0,422,309
901,Av. Crisologo Larralde,2,0,309,365
902,Av. Crisologo Larralde,2,0,365,394
903,Av. Crisologo Larralde,2,0,394,229
904,Av. Crisologo Larralde,2,0,229,387
905,Av. Crisologo Larralde,2,0,387,643
906,Puente Gerli,1,0,739,619
907,Pasaje Angaco,3,0,740,364
908,Pasaje Angaco,3,0,364,741
909,Pasaje Angaco,3,0,741,742
910,Pasaje Angaco,3,0,742,242
911,Pasaje Angaco,3,0,242,499
912,Pasaje Angaco,3,0,499,731
913,Cangallo,3,1,262,661
914,Cangallo,3,1,661,630
915,Cangallo,3,1,630,591
916,Cangallo,3,1,591,743
917,Cangallo,3,1,743,744
918,Cangallo,3,1,744,745
919,Cangallo,3,1,745,746
920,Cangallo,3,1,746,665
921,Cangallo,3,1,665,73
922,Cangallo,3,1,73,95
923,Cangallo,3,1,95,726
924,Cangallo,3,1,726,747
925,Cangallo,3,1,747,699
926,Avenida Hipolito Yrigoyen,2,1,200,748
927,Avenida Hipolito Yrigoyen,2,1,748,291
928,Avenida Hipolito Yrigoyen,2,1,291,749
929,Avenida Hipolito Yrigoyen,2,1,749,720
930,Avenida Hipolito Yrigoyen,2,1,720,616
931,Avenida Hipolito Yrigoyen,2,1,616,676
932,Avenida Hipolito Yrigoyen,2,1,676,238
933,Caxaraville,3,0,750,650
934,Limay,3,1,440,493
935,Limay,3,1,493,251
936,Limay,3,1,251,277
937,Limay,3,1,277,751
938,Limay,3,1,751,752
939,Limay,3,1,752,753
940,Limay,3,1,753,24
941,Bolanos,3,1,754,683
942,Bolanos,3,1,683,755
943,Bolanos,3,1,755,756
944,Bolanos,3,1,756,534
945,Bolanos,3,1,534,339
946,Bolanos,3,1,339,131
947,Bolanos,3,1,131,757
948,Bolanos,3,1,757,155
949,Bolanos,3,1,155,758
950,Bolanos,3,1,758,303
951,Bolanos,3,1,303,759
952,Bolanos,3,1,759,760
953,Bolanos,3,1,760,761
954,Bolanos,3,1,761,529
955,Bolanos,3,1,529,313
956,Bolanos,3,1,313,762
957,Bolanos,3,1,762,763
958,Bolanos,3,1,763,115
959,Bolanos,3,1,115,548
960,Bolanos,3,1,548,764
961,Artigas,3,0,6,622
962,Artigas,3,0,622,448
963,Artigas,3,0,448,765
964,General Ferre,3,1,123,766
965,General Ferre,3,1,766,767
966,General Ferre,3,1,767,768
967,Pallares,3,1,238,172
968,Av. Teodoro Sanchez de Bustamante,1,0,613,769
969,Av. Teodoro Sanchez de Bustamante,1,0,769,237
970,Av. Teodoro Sanchez de Bustamante,1,0,237,770
971,Av. Teodoro Sanchez de Bustamante,1,0,770,771
972,Av. Teodoro Sanchez de Bustamante,1,0,771,772
973,Av. Teodoro Sanchez de Bustamante,1,0,772,343
974,Av. Teodoro Sanchez de Bustamante,1,0,343,773
975,Av. Teodoro Sanchez de Bustamante,1,0,773,136
976,Av. Teodoro Sanchez de Bustamante,1,0,136,774
977,Av. Teodoro Sanchez de Bustamante,1,0,774,162
978,Av. Teodoro Sanchez de Bustamante,1,0,162,775
979,Av. Teodoro Sanchez de Bustamante,1,0,775,299
980,Av. Teodoro Sanchez de Bustamante,1,0,299,776
981,Av. Teodoro Sanchez de Bustamante,1,0,776,777
982,Av. Teodoro Sanchez de Bustamante,1,0,777,778
983,Av. Teodoro Sanchez de Bustamante,1,0,778,779
984,Av. Teodoro Sanchez de Bustamante,1,0,779,467
985,Av. Teodoro Sanchez de Bustamante,1,0,467,780
986,Av. Teodoro Sanchez de Bustamante,1,0,780,781
987,Av. Teodoro Sanchez de Bustamante,1,0,781,346
988,Av. Teodoro Sanchez de Bustamante,1,0,346,538
989,Av. Teodoro Sanchez de Bustamante,1,0,538,782
990,Av. Teodoro Sanchez de Bustamante,1,0,782,206
991,Av. Teodoro Sanchez de Bustamante,1,0,206,783
992,Av. Teodoro Sanchez de Bustamante,1,0,783,640
993,Av. Teodoro Sanchez de Bustamante,1,0,640,784
994,Av. Teodoro Sanchez de Bustamante,1,0,784,121
995,Av. Teodoro Sanchez de Bustamante,1,0,121,541
996,Av. Teodoro Sanchez de Bustamante,1,0,541,615
997,Republica Argentina,3,1,748,451
998,Republica Argentina,3,1,451,785
999,Republica Argentina,3,1,785,519
1000,Republica Argentina,3,1,519,36
1001,Jose Martin de la Serna,2,0,412,680
1002,Jose Martin de la Serna,2,0,680,706
1003,Jose Martin de la Serna,2,0,706,401
1004,Jose Martin de la Serna,2,0,401,786
1005,Jose Martin de la Serna,2,0,786,111
1006,Jose Martin de la Serna,2,0,111,108
1007,Jose Martin de la Serna,2,0,108,787
1008,Bouchard,3,1,788,47
1009,Bouchard,3,1,47,571
1010,Bouchard,3,1,571,359
1011,Bouchard,3,1,359,138
1012,Noya,3,1,198,785
1013,Noya,3,1,785,789
1014,Noya,3,1,789,721
1015,Noya,3,1,721,617
1016,Noya,3,1,617,675
1017,Noya,3,1,675,790
1018,Noya,3,1,790,190
1019,Noya,3,1,190,490
1020,Noya,3,1,490,791
1021,Noya,3,1,791,792
1022,Uspallata,3,0,793,295
1023,Presidente Sarmiento,2,1,684,656
1024,Presidente Sarmiento,2,1,656,794
1025,Presidente Sarmiento,2,1,794,758
1026,Presidente Sarmiento,2,1,758,795
1027,Presidente Sarmiento,2,1,795,796
1028,Presidente Sarmiento,2,1,796,600
1029,Presidente Sarmiento,2,1,600,797
1030,Presidente Sarmiento,2,1,797,64
1031,Presidente Sarmiento,2,1,64,378
1032,Presidente Sarmiento,2,1,378,775
1033,Presidente Sarmiento,2,1,775,219
1034,Presidente Sarmiento,2,1,219,431
1035,Elizalde,3,1,603,58
1036,Elizalde,3,1,58,798
1037,Elizalde,3,1,798,486
1038,Elizalde,3,1,486,381
1039,Elizalde,3,1,381,772
1040,Helguera,3,0,644,392
1041,Helguera,3,0,392,793
1042,Helguera,3,0,793,235
1043,Colombia,3,1,37,518
1044,Colombia,3,1,518,789
1045,Colombia,3,1,789,452
1046,Colombia,3,1,452,290
1047,Colombia,3,1,290,749
1048,Avenida Hipolito Yrigoyen,2,1,553,104
1049,Avenida Hipolito Yrigoyen,2,1,104,799
1050,Avenida Hipolito Yrigoyen,2,1,799,172
1051,Avenida Hipolito Yrigoyen,2,1,172,15
1052,Avenida Hipolito Yrigoyen,2,1,15,138
1053,Jose Martin de la Serna,2,0,171,800
1054,Jose Martin de la Serna,2,0,800,801
1055,Jose Martin de la Serna,2,0,801,252
1056,Jose Martin de la Serna,2,0,252,666
1057,Jose Martin de la Serna,2,0,666,740
1058,Jose Martin de la Serna,2,0,740,76
1059,Jose Martin de la Serna,2,0,76,93
1060,Jose Martin de la Serna,2,0,93,727
1061,Jose Martin de la Serna,2,0,727,802
1062,Jose Martin de la Serna,2,0,802,698
1063,Jose Martin de la Serna,2,0,698,803
1064,Jose Martin de la Serna,2,0,803,478
1065,Jose Martin de la Serna,2,0,478,804
1066,Jose Martin de la Serna,2,0,804,412
1067,Presidente Sarmiento,2,0,431,805
1068,Presidente Sarmiento,2,0,805,610
1069,Presidente Sarmiento,2,0,610,747
1070,Presidente Sarmiento,2,0,747,326
1071,Presidente Sarmiento,2,0,326,802
1072,Presidente Sarmiento,2,0,802,559
1073,Presidente Sarmiento,2,0,559,806
1074,Presidente Sarmiento,2,0,806,715
1075,Presidente Sarmiento,2,0,715,807
1076,Presidente Sarmiento,2,0,807,808
1077,Presidente Sarmiento,2,0,808,733
1078,Paz,3,0,175,809
1079,Gaebeler,3,1,583,762
1080,Gaebeler,3,1,762,652
1081,Gaebeler,3,1,652,692
1082,Bonorino,3,0,437,228
1083,Bonorino,3,0,228,784
1084,Pasaje Rosasco,3,0,810,811
1085,Guemes,3,1,175,20
1086,Guemes,3,1,20,788
1087,Jose Martin de la Serna,3,0,143,812
1088,Jose Martin de la Serna,3,0,812,577
1089,Jose Martin de la Serna,3,0,577,753
1090,Jose Martin de la Serna,3,0,753,166
1091,Av. Teodoro Sanchez de Bustamante,1,0,141,633
1092,Av. Teodoro Sanchez de Bustamante,1,0,633,813
1093,Padilla,3,1,773,814
1094,Padilla,3,1,814,380
1095,Padilla,3,1,380,60
1096,Padilla,3,1,60,602
1097,Venezuela,3,0,767,404
1098,Venezuela,3,0,404,704
1099,Venezuela,3,0,704,678
1100,General Pinto,3,0,205,815
1101,General Pinto,3,0,815,112
1102,General Pinto,3,0,112,109
1103,General Pinto,3,0,109,787
1104,General Pinto,3,0,787,647
1105,Velez Sarsfield,3,1,250,494
1106,Velez Sarsfield,3,1,494,717
1107,Teodoro Sanchez de Bustamante,3,1,813,816
1108,Teodoro Sanchez de Bustamante,3,1,816,362
1109,Teodoro Sanchez de Bustamante,3,1,362,572
1110,O Higgins,3,1,432,817
1111,O Higgins,3,1,817,818
1112,O Higgins,3,1,818,523
1113,O Higgins,3,1,523,328
1114,O Higgins,3,1,328,803
1115,O Higgins,3,1,803,561
1116,O Higgins,3,1,561,819
1117,O Higgins,3,1,819,716
1118,O Higgins,3,1,716,820
1119,Coronel Forest,3,0,821,822
1120,Coronel Forest,3,0,822,823
1121,Lucena,3,0,824,493
1122,General Madariaga,2,0,196,825
1123,General Madariaga,2,0,825,826
1124,General Madariaga,2,0,826,827
1125,General Madariaga,2,0,827,615
1126,Periodista Prieto,3,1,828,829
1127,Periodista Prieto,3,1,829,658
1128,Periodista Prieto,3,1,658,830
1129,Periodista Prieto,3,1,830,756
1130,Periodista Prieto,3,1,756,604
1131,Periodista Prieto,3,1,604,831
1132,Periodista Prieto,3,1,831,56
1133,Periodista Prieto,3,1,56,485
1134,Periodista Prieto,3,1,485,382
1135,Periodista Prieto,3,1,382,770
1136,Teodoro Sanchez de Bustamante,3,1,103,832
1137,Teodoro Sanchez de Bustamante,3,1,832,833
1138,Teodoro Sanchez de Bustamante,3,1,833,596
1139,Teodoro Sanchez de Bustamante,3,1,596,270
1140,General Heredia,3,1,345,834
1141,General Heredia,3,1,834,256
1142,General Heredia,3,1,256,667
1143,General Heredia,3,1,667,742
1144,General Heredia,3,1,742,79
1145,General Heredia,3,1,79,87
1146,General Heredia,3,1,87,729
1147,General Heredia,3,1,729,807
1148,General Heredia,3,1,807,695
1149,General Heredia,3,1,695,820
1150,General Heredia,3,1,820,835
1151,General Heredia,3,1,835,482
1152,General Heredia,3,1,482,836
1153,General Heredia,3,1,836,464
1154,General Arenales,3,0,837,838
1155,General Arenales,3,0,838,839
1156,General Arenales,3,0,839,840
1157,General Arenales,3,0,840,841
1158,General Arenales,3,0,841,842
1159,General Arenales,3,0,842,843
1160,General Arenales,3,0,843,444
1161,Miguelete,3,1,844,547
1162,General Madariaga,2,0,694,845
1163,General Madariaga,2,0,845,651
1164,General Madariaga,2,0,651,764
1165,General Madariaga,2,0,764,846
1166,General Madariaga,2,0,846,847
1167,General Madariaga,2,0,847,844
1168,General Madariaga,2,0,844,292
1169,Jujuy,3,1,491,848
1170,Jujuy,3,1,848,849
1171,Avenida Hipolito Yrigoyen,2,1,105,552
1172,Sargento Cabral,3,0,850,851
1173,Sargento Cabral,3,0,851,595
1174,Sargento Cabral,3,0,595,269
1175,Cangallo,3,0,5,621
1176,Cangallo,3,0,621,447
1177,Ushuaia,3,0,429,852
1178,Ushuaia,3,0,852,594
1179,Ushuaia,3,0,594,627
1180,Ushuaia,3,0,627,268
1181,Ushuaia,3,0,853,425
1182,Ushuaia,3,0,425,823
1183,Ushuaia,3,0,823,635
1184,Ushuaia,3,0,635,210
1185,Ushuaia,3,0,210,1
1186,Jose Martin de la Serna,2,0,30,624
1187,Jose Martin de la Serna,2,0,624,9
1188,Jose Martin de la Serna,2,0,9,711
1189,Tapalque,3,0,854,681
1190,Tapalque,3,0,681,417
1191,Coronel Casacuberta,3,1,145,855
1192,Coronel Casacuberta,3,1,855,578
1193,Coronel Casacuberta,3,1,578,752
1194,Coronel Casacuberta,3,1,752,662
1195,Coronel Casacuberta,3,1,662,631
1196,Coronel Casacuberta,3,1,631,589
1197,Coronel Casacuberta,3,1,589,856
1198,Coronel Casacuberta,3,1,856,501
1199,Coronel Casacuberta,3,1,501,857
1200,Coronel Casacuberta,3,1,857,254
1201,Pallares,3,1,41,514
1202,Pallares,3,1,514,790
1203,Pallares,3,1,790,456
1204,Pallares,3,1,456,286
1205,Pallares,3,1,286,858
1206,Pallares,3,1,858,238
1207,Gobernador Martin Rodriguez,3,1,553,859
1208,Gobernador Martin Rodriguez,3,1,859,860
1209,Gobernador Martin Rodriguez,3,1,860,861
1210,Gobernador Martin Rodriguez,3,1,861,862
1211,Gobernador Martin Rodriguez,3,1,862,863
1212,Gobernador Martin Rodriguez,3,1,863,864
1213,Gobernador Martin Rodriguez,3,1,864,23
1214,Coronel Lacarra,2,0,429,865
1215,Coronel Lacarra,2,0,865,866
1216,Coronel Lacarra,2,0,866,357
1217,Coronel Lacarra,2,0,357,744
1218,Coronel Lacarra,2,0,744,321
1219,Coronel Lacarra,2,0,321,171
1220,Helguera,3,0,90,728
1221,Helguera,3,0,728,806
1222,Helguera,3,0,806,697
1223,Helguera,3,0,697,819
1224,Helguera,3,0,819,480
1225,Coronel Maure,3,1,867,348
1226,Coronel Maure,3,1,348,637
1227,Coronel Maure,3,1,637,118
1228,Coronel Maure,3,1,118,545
1229,Coronel Maure,3,1,545,825
1230,Sargento Cabral,3,0,868,424
1231,Sargento Cabral,3,0,424,822
1232,Sargento Cabral,3,0,822,634
1233,Sargento Cabral,3,0,634,209
1234,Sargento Cabral,3,0,209,185
1235,Helguera,3,0,741,78
1236,Helguera,3,0,78,89
1237,General Acha,3,0,869,870
1238,General Acha,3,0,870,750
1239,Campichuelo,3,0,2,211
1240,Campichuelo,3,0,211,636
1241,Campichuelo,3,0,636,871
1242,Av. Remedios de Escalada,2,1,45,459
1243,Av. Remedios de Escalada,2,1,459,512
1244,Av. Remedios de Escalada,2,1,512,849
1245,Av. Remedios de Escalada,2,1,849,792
1246,Av. Remedios de Escalada,2,1,792,351
1247,Av. Remedios de Escalada,2,1,351,370
1248,Av. Remedios de Escalada,2,1,370,872
1249,Av. Remedios de Escalada,2,1,872,722
1250,Campichuelo,3,0,866,873
1251,Campichuelo,3,0,873,592
1252,Campichuelo,3,0,592,629
1253,Campichuelo,3,0,629,266
1254,San Juan,3,0,260,874
1255,San Juan,3,0,874,165
1256,Salta,2,0,416,225
1257,Salta,2,0,225,779
1258,Salta,2,0,779,374
1259,Salta,2,0,374,867
1260,Salta,2,0,867,875
1261,Salta,2,0,875,69
1262,Santa Elena,3,0,876,877
1263,Caxaraville,3,1,267,628
1264,Caxaraville,3,1,628,593
1265,Caxaraville,3,1,593,878
1266,Caxaraville,3,1,878,865
1267,Caxaraville,3,1,865,879
1268,Caxaraville,3,1,879,880
1269,Caxaraville,3,1,880,664
1270,Caxaraville,3,1,664,71
1271,Caxaraville,3,1,71,97
1272,Caxaraville,3,1,97,725
1273,Caxaraville,3,1,725,805
1274,Caxaraville,3,1,805,701
1275,Caxaraville,3,1,701,817
1276,Caxaraville,3,1,817,475
1277,Caxaraville,3,1,475,881
1278,Caxaraville,3,1,881,415
1279,Caxaraville,3,1,415,677
1280,Caxaraville,3,1,677,703
1281,Caxaraville,3,1,703,405
1282,Caxaraville,3,1,405,766
1283,Elizalde,3,1,801,540
1284,Elizalde,3,1,540,323
1285,Elizalde,3,1,323,746
1286,Elizalde,3,1,746,607
1287,Elizalde,3,1,607,880
1288,Elizalde,3,1,880,430
1289,Dr. Lavarello,3,1,738,472
1290,Dr. Lavarello,3,1,472,584
1291,Dr. Lavarello,3,1,584,471
1292,Dr. Lavarello,3,1,471,464
1293,Helguera,3,0,146,882
1294,Helguera,3,0,882,579
1295,Helguera,3,0,579,751
1296,Helguera,3,0,751,663
1297,Helguera,3,0,663,632
1298,Helguera,3,0,632,588
1299,Helguera,3,0,588,883
1300,Helguera,3,0,883,502
1301,Helguera,3,0,502,884
1302,Helguera,3,0,884,255
1303,Helguera,3,0,508,625
1304,Helguera,3,0,625,11
1305,Villanueva,3,1,795,156
1306,Villanueva,3,1,156,885
1307,Boulevard Gobernador Martin Rodriguez,2,0,886,129
1308,Boulevard Gobernador Martin Rodriguez,2,0,129,887
1309,Boulevard Gobernador Martin Rodriguez,2,0,887,152
1310,Boulevard Gobernador Martin Rodriguez,2,0,152,684
1311,Coronel Forest,3,0,888,821
1312,Coronel Lacarra,2,0,613,850
1313,Coronel Lacarra,2,0,850,212
1314,Coronel Lacarra,2,0,212,429
1315,Congreso,3,1,187,858
1316,Venezuela,3,0,649,870
1317,Venezuela,3,0,870,876
1318,Guemes,3,1,174,642
1319,Dr. Jose Galvez,3,1,430,214
1320,Dr. Jose Galvez,3,1,214,771
1321,Coronel Casacuberta,3,0,645,393
1322,Blanco Encalada,3,1,642,50
1323,Blanco Encalada,3,1,50,570
1324,Blanco Encalada,3,1,570,799
1325,Campichuelo,3,0,700,818
1326,Campichuelo,3,0,818,476
1327,Campichuelo,3,0,476,889
1328,Campichuelo,3,0,889,414
1329,Campichuelo,3,0,414,679
1330,Campichuelo,3,0,679,705
1331,Campichuelo,3,0,705,403
1332,Campichuelo,3,0,403,768
1333,Campichuelo,3,0,768,877
1334,Campichuelo,3,0,877,869
1335,Campichuelo,3,0,869,648
1336,Miglio,3,0,473,585
1337,Miglio,3,0,585,469
1338,General Arenales,3,0,812,855
1339,General Arenales,3,0,855,882
1340,General Arenales,3,0,882,273
1341,Vicente Damonte,3,1,98,217
1342,Vicente Damonte,3,1,217,774
1343,Vicente Damonte,3,1,774,890
1344,Vicente Damonte,3,1,890,379
1345,Vicente Damonte,3,1,379,62
1346,Vicente Damonte,3,1,62,891
1347,Vicente Damonte,3,1,891,601
1348,Vicente Damonte,3,1,601,885
1349,Vicente Damonte,3,1,885,757
1350,Vicente Damonte,3,1,757,892
1351,Vicente Damonte,3,1,892,657
1352,Vicente Damonte,3,1,657,887
1353,Falucho,3,0,574,893
1354,General Guemes,3,1,282,894
1355,General Guemes,3,1,894,883
1356,General Guemes,3,1,883,856
1357,General Guemes,3,1,856,614
1358,General Guemes,3,1,614,170
1359,General Guemes,3,1,170,320
1360,General Guemes,3,1,320,743
1361,General Guemes,3,1,743,356
1362,General Guemes,3,1,356,873
1363,General Guemes,3,1,873,878
1364,General Guemes,3,1,878,852
1365,General Guemes,3,1,852,851
1366,General Guemes,3,1,851,833
1367,Boulevard Gobernador Martin Rodriguez,3,1,129,895
1368,Boulevard Gobernador Martin Rodriguez,3,1,895,337
1369,Boulevard Gobernador Martin Rodriguez,3,1,337,537
1370,Boulevard Gobernador Martin Rodriguez,3,1,537,828
1371,Boulevard Gobernador Martin Rodriguez,3,1,828,896
1372,Oncativo,3,1,688,653
1373,Oncativo,3,1,653,761
1374,Oncativo,3,1,761,897
1375,Oncativo,3,1,897,898
1376,Oncativo,3,1,898,597
1377,Oncativo,3,1,597,68
1378,Oncativo,3,1,68,899
1379,Oncativo,3,1,899,375
1380,Oncativo,3,1,375,778
1381,Oncativo,3,1,778,224
1382,Oncativo,3,1,224,434
1383,Oncativo,3,1,434,881
1384,Oncativo,3,1,881,889
1385,Oncativo,3,1,889,524
1386,Oncativo,3,1,524,330
1387,Oncativo,3,1,330,804
1388,Oncativo,3,1,804,562
1389,Republica del Libano,3,1,730,810
1390,Republica del Libano,3,1,810,497
1391,Republica del Libano,3,1,497,245
1392,Republica del Libano,3,1,245,900
1393,Republica del Libano,3,1,900,834
1394,Republica del Libano,3,1,834,901
1395,Republica del Libano,3,1,901,884
1396,Republica del Libano,3,1,884,857
1397,Republica del Libano,3,1,857,358
1398,Republica del Libano,3,1,358,800
1399,Republica del Libano,3,1,800,322
1400,Republica del Libano,3,1,322,271
1401,Republica del Libano,3,1,271,745
1402,Republica del Libano,3,1,745,407
1403,Republica del Libano,3,1,407,606
1404,Republica del Libano,3,1,606,879
1405,Republica del Libano,3,1,879,236
1406,Martin Garcia,3,0,835,808
1407,Pitagoras,3,0,399,235
1408,Pitagoras,3,0,235,393
1409,Pitagoras,3,0,393,646
1410,General Ferre,3,0,335,786
1411,General Ferre,3,0,786,566
1412,General Ferre,3,0,566,815
1413,Republica del Libano,3,1,769,902
1414,Republica del Libano,3,1,902,383
1415,Republica del Libano,3,1,383,55
1416,Republica del Libano,3,1,55,903
1417,Republica del Libano,3,1,903,605
1418,Republica del Libano,3,1,605,755
1419,Republica del Libano,3,1,755,904
1420,Republica del Libano,3,1,904,659
1421,Republica del Libano,3,1,659,896
1422,Republica del Libano,3,1,896,905
1423,Republica del Libano,3,1,905,124
1424,Uruguay,3,0,11,710
1425,Villanueva,3,1,527,898
1426,Villanueva,3,1,898,906
1427,Villanueva,3,1,906,907
1428,Montes,3,0,871,853
1429,Montes,3,0,853,868
1430,Montes,3,0,868,908
1431,Junin,3,1,581,763
1432,Av. Crisologo Larralde,2,0,487,909
1433,Av. Crisologo Larralde,2,0,909,520
1434,Coronel Burelas,3,1,826,543
1435,Coronel Burelas,3,1,543,120
1436,Coronel Burelas,3,1,120,639
1437,Epecuen,3,0,620,446
1438,Gutemberg,3,0,910,911
1439,Gutemberg,3,0,911,912
1440,Gutemberg,3,0,912,913
1441,Gutemberg,3,0,913,568
1442,Gutemberg,3,0,568,509
1443,Gobernador Martin Rodriguez,3,1,22,914
1444,Gobernador Martin Rodriguez,3,1,914,915
1445,Gobernador Martin Rodriguez,3,1,915,51
1446,Gobernador Martin Rodriguez,3,1,51,569
1447,Gobernador Martin Rodriguez,3,1,569,104
1448,Av. Teodoro Sanchez de Bustamante,1,0,813,888
1449,Av. Teodoro Sanchez de Bustamante,1,0,888,739
1450,Cabildo,2,0,1,510
